{
  "assetsByChunkName": {
    "vendors~app-account~app-checkout~app-confirmation~app-order": "chunk.d3cfe6112d2ceea07eda.js",
    "vendors~app-account~app-checkout": "chunk.3371ea423587c700cf4e.js",
    "vendors~app-cart~app-checkout": "chunk.1c4c5de0fdf8b3d828b5.js",
    "admin": [
      "admin.f9f89212caf072f15bdc.js",
      "admin.f9f89212caf072f15bdc.js.map"
    ],
    "app-account": "chunk.25e25d8a9623c3941fd2.js",
    "app-checkout": "chunk.00a0ed4ec7c1cea1e08b.js",
    "app-confirmation": "chunk.0717fbfba21b124a93e4.js",
    "app-order": "chunk.ddf66e7ba50f98e3224c.js",
    "checkout": [
      "checkout.908118e0ca460da1c4d8.js",
      "checkout.908118e0ca460da1c4d8.js.map"
    ],
    "storefront": [
      "storefront.9a1f7bc2beb487eea5b7.css",
      "storefront.7c28e5d2b167ddde022e.js",
      "storefront.9a1f7bc2beb487eea5b7.css.map",
      "storefront.7c28e5d2b167ddde022e.js.map"
    ],
    "vendors~app-account": "chunk.956942ace3062d418ed2.js",
    "vendors~app-cart": "chunk.dc56a0132187ff9d8a09.js"
  }
}